"","predict_unseen"
"5","FALSE"
"13","FALSE"
"18","FALSE"
"21","TRUE"
"30","FALSE"
"39","FALSE"
"45","FALSE"
"54","TRUE"
"55","TRUE"
"59","FALSE"
"60","TRUE"
"67","FALSE"
"68","FALSE"
"80","FALSE"
"91","FALSE"
"100","TRUE"
"102","FALSE"
"113","FALSE"
"116","FALSE"
"121","FALSE"
"122","FALSE"
"123","FALSE"
"125","FALSE"
"128","FALSE"
"133","FALSE"
"135","FALSE"
"147","FALSE"
"151","FALSE"
"152","FALSE"
"170","FALSE"
"175","FALSE"
"178","FALSE"
"179","FALSE"
"186","FALSE"
"187","FALSE"
"192","FALSE"
"193","FALSE"
"194","FALSE"
"196","FALSE"
"199","FALSE"
"207","FALSE"
"210","FALSE"
"212","FALSE"
"217","FALSE"
"229","FALSE"
"233","FALSE"
"236","FALSE"
"263","FALSE"
"264","FALSE"
"265","FALSE"
"276","FALSE"
"281","FALSE"
"289","FALSE"
"291","FALSE"
"296","FALSE"
"308","FALSE"
"316","FALSE"
"318","FALSE"
"329","FALSE"
"335","FALSE"
"337","FALSE"
"353","FALSE"
"360","FALSE"
"363","FALSE"
"367","FALSE"
"379","FALSE"
"385","FALSE"
"387","FALSE"
"391","FALSE"
"395","FALSE"
"397","FALSE"
